[
  {
    "id": "0e511f57-72e4-4c7f-b3e8-50bb3c46b9ef",
    "data": [
      {
        "text": "Back to FAQs",
        "userDefined": false
      }
    ],
    "isTemplate": false,
    "count": 0,
    "lang": "en",
    "updated": 0
  },
  {
    "id": "94d8ea32-359f-4ac7-89dd-25216863cfeb",
    "data": [
      {
        "text": "question",
        "userDefined": false
      }
    ],
    "isTemplate": false,
    "count": 0,
    "lang": "en",
    "updated": 0
  },
  {
    "id": "17edbae1-6425-4205-95d7-9a61fbfbaa74",
    "data": [
      {
        "text": "doubt",
        "userDefined": false
      }
    ],
    "isTemplate": false,
    "count": 0,
    "lang": "en",
    "updated": 0
  },
  {
    "id": "c965af61-1df3-4a7d-9fb3-45c02eb8ccdc",
    "data": [
      {
        "text": "faq",
        "userDefined": false
      }
    ],
    "isTemplate": false,
    "count": 3,
    "lang": "en",
    "updated": 0
  },
  {
    "id": "d1044de3-97a0-49c5-86d0-4fd7a0bd50d2",
    "data": [
      {
        "text": "FAQs",
        "userDefined": false
      }
    ],
    "isTemplate": false,
    "count": 3,
    "lang": "en",
    "updated": 0
  },
  {
    "id": "d847ab41-bb06-437f-97f8-be52af7dc0ef",
    "data": [
      {
        "text": "Frequently Asked Questions (FAQs)",
        "userDefined": false
      }
    ],
    "isTemplate": false,
    "count": 0,
    "lang": "en",
    "updated": 0
  }
]