[
  {
    "id": "bc3a1c12-7f1d-4fc0-bf1a-5ef94af2f146",
    "data": [
      {
        "text": "showparams",
        "userDefined": false
      }
    ],
    "isTemplate": false,
    "count": 0,
    "lang": "en",
    "updated": 0
  },
  {
    "id": "e9c9779b-ff8b-4f94-a27b-66608d3e66c0",
    "data": [
      {
        "text": "show params",
        "userDefined": false
      }
    ],
    "isTemplate": false,
    "count": 0,
    "lang": "en",
    "updated": 0
  },
  {
    "id": "08cb6203-5586-4863-97d0-07797cb22934",
    "data": [
      {
        "text": "show parameters",
        "userDefined": false
      }
    ],
    "isTemplate": false,
    "count": 0,
    "lang": "en",
    "updated": 0
  }
]