userId,fid
1,328
1,234
1,91
1,592
1,489
1,356
1,655
1,130
1,158
1,256
2,539
2,654
2,619
2,77
2,667
2,81
2,55
2,155
2,350
2,66
3,661
3,593
3,565
3,492
3,471
3,74
3,645
3,510
3,347
3,504
4,347
4,592
4,225
4,375
4,404
4,79
4,408
4,301
4,615
4,389
5,397
5,483
5,133
5,142
5,424
5,498
5,213
5,307
5,395
5,537
6,324
6,491
6,270
6,94
6,486
6,304
6,553
6,347
6,239
6,429
7,354
7,127
7,597
7,54
7,356
7,90
7,238
7,325
7,593
7,100
8,360
8,522
8,661
8,307
8,212
8,618
8,414
8,177
8,315
8,319
9,608
9,127
9,122
9,341
9,355
9,411
9,384
9,115
9,58
9,472
10,321
10,484
10,20
10,225
10,581
10,549
10,524
10,141
10,538
10,512
11,176
11,529
11,462
11,150
11,200
11,472
11,111
11,57
11,17
11,359
12,215
12,489
12,493
12,97
12,390
12,288
12,203
12,187
12,476
12,182
13,383
13,22
13,152
13,279
13,314
13,617
13,32
13,326
13,526
13,387
14,391
14,338
14,659
14,278
14,376
14,332
14,605
14,600
14,284
14,197
15,640
15,142
15,597
15,8
15,260
15,364
15,289
15,80
15,327
15,458
16,32
16,310
16,63
16,317
16,303
16,411
16,146
16,490
16,640
16,419
17,295
17,97
17,374
17,271
17,481
17,61
17,366
17,338
17,573
17,497
18,135
18,311
18,89
18,288
18,272
18,625
18,277
18,39
18,247
18,178
19,323
19,499
19,280
19,548
19,560
19,185
19,163
19,397
19,79
19,272
20,299
20,173
20,374
20,371
20,205
20,426
20,351
20,209
20,560
20,188
21,352
21,599
21,377
21,221
21,527
21,165
21,181
21,626
21,206
21,156
22,510
22,182
22,525
22,24
22,506
22,16
22,662
22,191
22,110
22,564
23,336
23,288
23,517
23,100
23,158
23,649
23,1
23,69
23,177
23,356
24,414
24,123
24,378
24,152
24,184
24,387
24,90
24,559
24,241
24,562
25,133
25,562
25,457
25,467
25,669
25,399
25,569
25,444
25,181
25,47
26,42
26,121
26,384
26,57
26,307
26,578
26,203
26,227
26,328
26,462
27,550
27,633
27,332
27,110
27,552
27,333
27,123
27,41
27,383
27,114
28,174
28,258
28,443
28,490
28,453
28,671
28,254
28,163
28,19
28,494
29,520
29,656
29,396
29,495
29,350
29,48
29,341
29,555
29,401
29,85
30,555
30,319
30,247
30,120
30,428
30,467
30,536
30,635
30,369
30,412
31,226
31,397
31,261
31,54
31,606
31,49
31,533
31,98
31,146
31,402
32,623
32,468
32,270
32,43
32,223
32,335
32,89
32,504
32,415
32,467
33,276
33,145
33,368
33,61
33,244
33,440
33,45
33,422
33,543
33,283
34,234
34,240
34,348
34,104
34,438
34,95
34,246
34,642
34,489
34,113
35,154
35,555
35,40
35,397
35,322
35,418
35,522
35,243
35,230
35,206
36,327
36,491
36,93
36,228
36,47
36,531
36,343
36,173
36,198
36,665
37,166
37,85
37,163
37,238
37,656
37,79
37,227
37,200
37,192
37,39
38,414
38,568
38,513
38,177
38,276
38,260
38,95
38,161
38,526
38,194
39,254
39,97
39,283
39,162
39,339
39,289
39,245
39,544
39,525
39,40
40,538
40,299
40,217
40,469
40,609
40,513
40,130
40,506
40,316
40,546
41,603
41,133
41,616
41,208
41,632
41,245
41,114
41,221
41,358
41,399
42,620
42,5
42,152
42,440
42,165
42,57
42,514
42,294
42,518
42,256
43,144
43,373
43,471
43,142
43,569
43,113
43,154
43,291
43,246
43,658
44,120
44,297
44,525
44,574
44,36
44,283
44,652
44,316
44,201
44,195
45,547
45,300
45,327
45,433
45,470
45,489
45,287
45,122
45,32
45,299
46,63
46,376
46,571
46,412
46,274
46,635
46,562
46,260
46,6
46,348
47,212
47,333
47,645
47,24
47,304
47,139
47,558
47,474
47,159
47,358
48,651
48,453
48,282
48,346
48,632
48,637
48,508
48,227
48,109
48,43
49,199
49,492
49,609
49,53
49,142
49,117
49,436
49,650
49,78
49,350
50,262
50,106
50,6
50,512
50,601
50,276
50,264
50,334
50,372
50,107
51,69
51,94
51,417
51,421
51,561
51,30
51,496
51,623
51,184
51,467
52,365
52,557
52,115
52,496
52,663
52,562
52,264
52,268
52,325
52,124
53,423
53,370
53,205
53,34
53,201
53,186
53,152
53,136
53,220
53,667
54,193
54,517
54,541
54,396
54,188
54,278
54,57
54,379
54,569
54,643
55,317
55,364
55,124
55,267
55,590
55,187
55,242
55,246
55,344
55,614
56,404
56,58
56,411
56,143
56,283
56,604
56,489
56,583
56,166
56,158
57,140
57,177
57,365
57,350
57,671
57,385
57,570
57,461
57,539
57,548
58,623
58,522
58,202
58,653
58,403
58,519
58,72
58,404
58,589
58,531
59,5
59,566
59,562
59,614
59,664
59,612
59,43
59,95
59,246
59,442
60,177
60,549
60,582
60,104
60,478
60,212
60,64
60,604
60,548
60,16
61,586
61,429
61,172
61,104
61,78
61,381
61,92
61,300
61,252
61,141
62,317
62,97
62,283
62,299
62,607
62,70
62,626
62,433
62,180
62,516
63,337
63,143
63,334
63,91
63,253
63,181
63,382
63,671
63,379
63,331
64,350
64,634
64,43
64,622
64,165
64,295
64,280
64,528
64,608
64,178
65,618
65,243
65,613
65,475
65,460
65,465
65,401
65,118
65,231
65,176
66,80
66,230
66,36
66,662
66,209
66,269
66,561
66,249
66,44
66,308
67,489
67,41
67,599
67,116
67,430
67,366
67,473
67,119
67,37
67,276
68,429
68,441
68,33
68,171
68,331
68,192
68,94
68,313
68,539
68,27
69,167
69,243
69,459
69,21
69,142
69,104
69,545
69,58
69,475
69,406
70,289
70,250
70,600
70,478
70,156
70,403
70,27
70,149
70,590
70,288
71,265
71,369
71,311
71,49
71,541
71,70
71,465
71,243
71,161
71,544
72,125
72,347
72,387
72,380
72,437
72,370
72,599
72,270
72,490
72,323
73,477
73,669
73,221
73,480
73,470
73,104
73,593
73,145
73,97
73,193
74,154
74,292
74,593
74,655
74,265
74,460
74,324
74,310
74,284
74,100
75,340
75,191
75,61
75,288
75,293
75,524
75,511
75,116
75,173
75,309
76,202
76,274
76,642
76,375
76,220
76,27
76,458
76,214
76,335
76,627
77,140
77,35
77,248
77,567
77,218
77,481
77,265
77,361
77,454
77,543
78,430
78,341
78,26
78,221
78,17
78,445
78,232
78,173
78,288
78,176
79,563
79,428
79,414
79,562
79,610
79,515
79,250
79,131
79,233
79,422
80,411
80,270
80,350
80,639
80,635
80,87
80,230
80,482
80,318
80,239
81,166
81,615
81,101
81,481
81,545
81,649
81,192
81,668
81,349
81,617
82,134
82,462
82,364
82,575
82,158
82,353
82,57
82,495
82,652
82,327
83,56
83,594
83,368
83,71
83,487
83,35
83,22
83,337
83,432
83,424
84,142
84,663
84,321
84,101
84,157
84,568
84,96
84,441
84,232
84,262
85,329
85,1
85,196
85,370
85,418
85,459
85,404
85,621
85,525
85,265
86,422
86,507
86,285
86,607
86,311
86,544
86,625
86,95
86,406
86,526
87,299
87,651
87,295
87,349
87,98
87,88
87,341
87,276
87,21
87,112
88,415
88,551
88,249
88,155
88,93
88,57
88,298
88,142
88,580
88,255
89,508
89,1
89,250
89,279
89,545
89,345
89,53
89,62
89,667
89,132
90,381
90,262
90,545
90,36
90,311
90,375
90,608
90,317
90,276
90,481
91,266
91,222
91,582
91,583
91,45
91,90
91,142
91,551
91,408
91,331
92,660
92,343
92,227
92,377
92,578
92,124
92,324
92,166
92,378
92,656
93,191
93,504
93,601
93,122
93,218
93,99
93,597
93,414
93,490
93,385
94,196
94,314
94,207
94,629
94,475
94,14
94,338
94,441
94,52
94,493
95,375
95,107
95,601
95,654
95,371
95,467
95,482
95,215
95,593
95,148
96,584
96,452
96,240
96,196
96,655
96,301
96,519
96,257
96,438
96,662
97,616
97,344
97,548
97,626
97,414
97,435
97,34
97,423
97,37
97,572
98,76
98,475
98,546
98,646
98,160
98,463
98,493
98,255
98,375
98,154
99,386
99,602
99,403
99,18
99,579
99,547
99,294
99,266
99,27
99,262
100,34
100,623
100,524
100,628
100,647
100,462
100,337
100,327
100,84
100,546
101,208
101,185
101,632
101,359
101,610
101,449
101,650
101,529
101,294
101,154
102,452
102,44
102,561
102,61
102,13
102,570
102,503
102,215
102,290
102,273
103,205
103,74
103,437
103,394
103,303
103,331
103,623
103,172
103,27
103,148
104,591
104,644
104,1
104,155
104,184
104,14
104,364
104,626
104,164
104,637
105,588
105,668
105,560
105,558
105,219
105,220
105,174
105,661
105,164
105,347
106,587
106,388
106,582
106,454
106,436
106,27
106,407
106,37
106,153
106,17
107,79
107,151
107,394
107,42
107,357
107,142
107,18
107,483
107,359
107,401
108,226
108,644
108,580
108,39
108,94
108,482
108,567
108,68
108,76
108,565
109,630
109,438
109,350
109,440
109,321
109,243
109,183
109,584
109,370
109,551
110,41
110,168
110,128
110,335
110,400
110,433
110,188
110,4
110,380
110,490
111,26
111,547
111,256
111,102
111,86
111,3
111,65
111,513
111,627
111,287
112,399
112,277
112,563
112,117
112,118
112,400
112,406
112,546
112,593
112,512
113,448
113,404
113,523
113,342
113,473
113,115
113,252
113,649
113,21
113,305
114,422
114,469
114,196
114,470
114,302
114,493
114,11
114,483
114,506
114,631
115,66
115,481
115,132
115,242
115,382
115,303
115,251
115,287
115,594
115,559
116,39
116,57
116,577
116,144
116,6
116,403
116,548
116,275
116,448
116,173
117,650
117,532
117,496
117,212
117,568
117,270
117,228
117,136
117,95
117,224
118,207
118,49
118,24
118,655
118,476
118,246
118,574
118,1
118,280
118,520
119,512
119,431
119,314
119,596
119,288
119,451
119,306
119,148
119,71
119,45
120,40
120,587
120,67
120,619
120,61
120,209
120,56
120,432
120,476
120,221
121,417
121,600
121,377
121,636
121,190
121,602
121,405
121,547
121,170
121,545
122,265
122,517
122,230
122,203
122,609
122,432
122,454
122,441
122,633
122,295
123,474
123,542
123,437
123,587
123,6
123,566
123,266
123,101
123,557
123,290
124,645
124,663
124,77
124,621
124,453
124,51
124,300
124,155
124,409
124,154
125,311
125,329
125,398
125,78
125,186
125,127
125,623
125,556
125,368
125,89
126,188
126,345
126,485
126,387
126,303
126,87
126,335
126,581
126,423
126,49
127,568
127,430
127,439
127,653
127,586
127,11
127,620
127,570
127,428
127,456
128,11
128,408
128,621
128,12
128,297
128,37
128,51
128,339
128,602
128,198
129,377
129,300
129,314
129,112
129,24
129,662
129,202
129,105
129,284
129,206
130,514
130,386
130,557
130,628
130,473
130,581
130,638
130,661
130,646
130,376
131,289
131,395
131,54
131,379
131,387
131,224
131,593
131,494
131,508
131,478
132,137
132,371
132,469
132,206
132,321
132,443
132,51
132,450
132,313
132,453
133,139
133,572
133,495
133,588
133,140
133,609
133,228
133,608
133,75
133,443
134,383
134,192
134,367
134,352
134,168
134,390
134,207
134,130
134,589
134,225
135,612
135,650
135,62
135,589
135,611
135,152
135,202
135,601
135,489
135,322
136,37
136,11
136,223
136,43
136,484
136,175
136,172
136,283
136,509
136,467
137,37
137,396
137,435
137,616
137,493
137,80
137,40
137,401
137,220
137,391
138,204
138,591
138,65
138,279
138,528
138,196
138,48
138,607
138,173
138,337
139,354
139,265
139,168
139,284
139,326
139,582
139,213
139,37
139,381
139,623
140,657
140,404
140,522
140,246
140,550
140,57
140,96
140,387
140,424
140,240
141,599
141,413
141,622
141,597
141,407
141,357
141,244
141,638
141,578
141,211
142,656
142,486
142,401
142,364
142,558
142,332
142,491
142,361
142,663
142,434
143,58
143,358
143,296
143,335
143,201
143,133
143,594
143,357
143,40
143,562
144,78
144,230
144,359
144,352
144,602
144,222
144,517
144,484
144,512
144,665
145,252
145,62
145,94
145,78
145,329
145,403
145,417
145,205
145,573
145,186
146,373
146,617
146,218
146,66
146,190
146,495
146,67
146,322
146,418
146,229
147,270
147,459
147,131
147,424
147,376
147,59
147,497
147,237
147,429
147,141
148,92
148,336
148,98
148,87
148,406
148,175
148,664
148,387
148,513
148,630
149,392
149,639
149,488
149,170
149,659
149,114
149,641
149,217
149,660
149,255
150,454
150,263
150,91
150,437
150,96
150,27
150,227
150,361
150,185
150,416
151,614
151,384
151,153
151,414
151,386
151,451
151,52
151,195
151,257
151,473
152,448
152,88
152,574
152,472
152,18
152,309
152,26
152,487
152,598
152,532
153,269
153,60
153,407
153,313
153,388
153,409
153,54
153,275
153,664
153,561
154,446
154,55
154,403
154,426
154,493
154,227
154,584
154,41
154,11
154,573
155,505
155,562
155,180
155,357
155,257
155,478
155,593
155,377
155,383
155,236
156,236
156,223
156,18
156,403
156,564
156,278
156,50
156,196
156,619
156,498
157,62
157,327
157,464
157,621
157,508
157,259
157,346
157,75
157,477
157,337
158,102
158,289
158,354
158,524
158,558
158,544
158,183
158,386
158,15
158,78
159,162
159,407
159,433
159,45
159,319
159,487
159,622
159,536
159,19
159,305
160,493
160,337
160,497
160,258
160,169
160,94
160,663
160,591
160,390
160,633
161,297
161,142
161,7
161,543
161,637
161,50
161,509
161,591
161,410
161,31
162,18
162,16
162,216
162,610
162,148
162,110
162,61
162,597
162,535
162,254
163,244
163,93
163,377
163,401
163,135
163,137
163,436
163,79
163,46
163,649
164,546
164,587
164,481
164,141
164,431
164,381
164,647
164,622
164,114
164,554
165,531
165,237
165,212
165,587
165,169
165,251
165,574
165,260
165,150
165,16
166,131
166,149
166,167
166,187
166,357
166,656
166,111
166,487
166,142
166,323
167,162
167,361
167,139
167,18
167,240
167,441
167,95
167,208
167,669
167,209
168,231
168,600
168,591
168,123
168,649
168,486
168,244
168,119
168,291
168,40
169,522
169,607
169,309
169,207
169,304
169,338
169,608
169,266
169,636
169,310
170,666
170,541
170,73
170,118
170,145
170,539
170,172
170,179
170,175
170,307
171,78
171,58
171,309
171,92
171,111
171,599
171,448
171,422
171,394
171,331
172,31
172,242
172,132
172,227
172,495
172,378
172,670
172,24
172,92
172,121
173,300
173,363
173,167
173,284
173,471
173,563
173,396
173,479
173,382
173,421
174,204
174,599
174,45
174,324
174,269
174,4
174,23
174,280
174,478
174,378
175,432
175,423
175,582
175,80
175,223
175,339
175,14
175,266
175,212
175,15
176,103
176,667
176,236
176,627
176,165
176,81
176,410
176,595
176,300
176,109
177,548
177,46
177,88
177,106
177,639
177,278
177,160
177,391
177,572
177,105
178,270
178,94
178,534
178,537
178,527
178,664
178,313
178,418
178,250
178,415
179,416
179,70
179,354
179,316
179,668
179,165
179,259
179,134
179,268
179,260
180,261
180,359
180,485
180,455
180,100
180,283
180,515
180,386
180,96
180,177
181,306
181,233
181,103
181,27
181,303
181,40
181,448
181,199
181,400
181,304
182,611
182,667
182,28
182,294
182,235
182,156
182,175
182,251
182,204
182,423
183,144
183,402
183,13
183,558
183,443
183,161
183,551
183,25
183,393
183,71
184,555
184,620
184,544
184,352
184,455
184,438
184,212
184,458
184,581
184,431
185,222
185,98
185,479
185,558
185,231
185,55
185,613
185,200
185,645
185,452
186,136
186,572
186,433
186,276
186,21
186,61
186,381
186,275
186,68
186,96
187,215
187,101
187,444
187,519
187,459
187,106
187,316
187,352
187,151
187,485
188,316
188,330
188,657
188,441
188,52
188,607
188,260
188,263
188,240
188,559
189,201
189,608
189,353
189,492
189,546
189,367
189,489
189,486
189,70
189,84
190,622
190,414
190,570
190,330
190,253
190,76
190,326
190,303
190,80
190,5
191,115
191,555
191,240
191,256
191,577
191,517
191,110
191,638
191,411
191,520
192,661
192,549
192,372
192,351
192,188
192,405
192,71
192,229
192,146
192,203
193,564
193,433
193,655
193,374
193,527
193,528
193,89
193,255
193,453
193,170
194,116
194,370
194,159
194,113
194,414
194,649
194,333
194,455
194,610
194,303
195,408
195,51
195,145
195,88
195,298
195,634
195,293
195,433
195,87
195,65
196,108
196,237
196,606
196,604
196,530
196,363
196,164
196,270
196,389
196,485
197,209
197,513
197,482
197,354
197,29
197,465
197,353
197,66
197,205
197,183
198,559
198,612
198,585
198,257
198,100
198,299
198,349
198,237
198,265
198,406
199,160
199,644
199,604
199,314
199,578
199,474
199,261
199,340
199,32
199,478
200,538
200,332
200,376
200,244
200,363
200,82
200,172
200,567
200,638
200,267
201,37
201,98
201,159
201,360
201,648
201,588
201,446
201,264
201,612
201,90
202,261
202,508
202,179
202,650
202,342
202,386
202,248
202,627
202,666
202,610
203,568
203,113
203,23
203,593
203,59
203,65
203,9
203,156
203,649
203,2
204,59
204,625
204,555
204,536
204,613
204,272
204,62
204,156
204,147
204,174
205,481
205,439
205,303
205,582
205,84
205,188
205,483
205,642
205,129
205,517
206,627
206,386
206,501
206,81
206,651
206,112
206,74
206,168
206,519
206,40
207,457
207,139
207,400
207,572
207,37
207,377
207,663
207,224
207,205
207,167
208,79
208,425
208,277
208,138
208,626
208,436
208,60
208,652
208,671
208,422
209,293
209,379
209,97
209,381
209,352
209,568
209,316
209,513
209,303
209,487
210,482
210,574
210,471
210,606
210,648
210,377
210,359
210,561
210,628
210,575
211,20
211,89
211,215
211,43
211,150
211,517
211,14
211,282
211,504
211,64
212,295
212,160
212,622
212,458
212,180
212,288
212,163
212,599
212,293
212,316
213,525
213,471
213,121
213,462
213,358
213,85
213,399
213,512
213,87
213,51
214,172
214,562
214,173
214,208
214,329
214,28
214,595
214,593
214,302
214,340
215,385
215,162
215,424
215,211
215,359
215,466
215,264
215,286
215,625
215,447
216,26
216,219
216,417
216,487
216,238
216,598
216,204
216,663
216,381
216,468
217,204
217,470
217,645
217,46
217,25
217,221
217,103
217,111
217,283
217,235
218,635
218,376
218,655
218,215
218,292
218,255
218,465
218,275
218,373
218,323
219,603
219,278
219,317
219,323
219,11
219,499
219,590
219,588
219,572
219,376
220,102
220,440
220,311
220,67
220,416
220,58
220,383
220,80
220,357
220,626
221,128
221,74
221,212
221,324
221,178
221,310
221,418
221,113
221,147
221,101
222,442
222,219
222,418
222,572
222,5
222,553
222,335
222,614
222,81
222,203
223,343
223,174
223,335
223,214
223,513
223,370
223,207
223,304
223,202
223,532
224,448
224,272
224,265
224,269
224,57
224,480
224,164
224,289
224,348
224,220
225,72
225,572
225,450
225,191
225,226
225,201
225,370
225,54
225,27
225,79
226,27
226,388
226,84
226,1
226,577
226,422
226,111
226,94
226,55
226,48
227,119
227,258
227,560
227,507
227,329
227,527
227,446
227,632
227,14
227,316
228,364
228,436
228,582
228,104
228,516
228,489
228,408
228,498
228,173
228,492
229,406
229,410
229,100
229,623
229,35
229,135
229,383
229,269
229,653
229,546
230,434
230,627
230,191
230,113
230,524
230,288
230,387
230,169
230,168
230,617
231,295
231,557
231,563
231,62
231,523
231,223
231,247
231,321
231,668
231,662
232,291
232,167
232,648
232,440
232,221
232,92
232,10
232,253
232,302
232,388
233,346
233,379
233,323
233,159
233,98
233,102
233,446
233,554
233,90
233,43
234,614
234,502
234,90
234,288
234,6
234,95
234,250
234,289
234,61
234,102
235,301
235,253
235,221
235,637
235,250
235,333
235,571
235,165
235,649
235,564
236,213
236,481
236,126
236,25
236,507
236,20
236,191
236,280
236,244
236,266
237,645
237,343
237,163
237,220
237,298
237,142
237,88
237,662
237,100
237,561
238,244
238,400
238,4
238,561
238,233
238,617
238,149
238,482
238,441
238,115
239,360
239,285
239,3
239,575
239,369
239,208
239,516
239,627
239,144
239,261
240,402
240,370
240,15
240,6
240,313
240,582
240,218
240,500
240,231
240,104
241,255
241,276
241,662
241,137
241,347
241,251
241,447
241,407
241,69
241,86
242,250
242,325
242,123
242,391
242,221
242,529
242,350
242,402
242,51
242,287
243,103
243,313
243,309
243,227
243,342
243,339
243,513
243,511
243,106
243,171
244,353
244,355
244,366
244,259
244,271
244,198
244,462
244,557
244,488
244,137
245,69
245,530
245,145
245,30
245,155
245,443
245,665
245,285
245,516
245,435
246,158
246,480
246,218
246,233
246,111
246,183
246,318
246,370
246,498
246,315
247,429
247,240
247,666
247,9
247,16
247,289
247,635
247,167
247,189
247,528
248,126
248,283
248,382
248,454
248,607
248,458
248,188
248,32
248,123
248,424
249,374
249,566
249,634
249,389
249,90
249,367
249,110
249,552
249,292
249,53
250,601
250,583
250,145
250,434
250,544
250,9
250,376
250,468
250,38
250,213
251,615
251,306
251,87
251,608
251,100
251,486
251,426
251,30
251,261
251,404
252,93
252,191
252,296
252,162
252,642
252,480
252,369
252,9
252,250
252,537
253,246
253,239
253,304
253,327
253,77
253,106
253,275
253,483
253,437
253,24
254,367
254,650
254,617
254,583
254,526
254,266
254,663
254,323
254,517
254,282
255,444
255,505
255,387
255,338
255,197
255,224
255,446
255,285
255,648
255,71
256,25
256,179
256,142
256,199
256,18
256,492
256,171
256,246
256,241
256,38
257,196
257,12
257,243
257,292
257,397
257,132
257,343
257,272
257,500
257,369
258,480
258,284
258,621
258,586
258,334
258,410
258,628
258,276
258,313
258,104
259,508
259,286
259,86
259,423
259,530
259,92
259,291
259,299
259,334
259,266
260,294
260,313
260,229
260,635
260,362
260,398
260,461
260,120
260,382
260,472
261,322
261,585
261,140
261,380
261,95
261,303
261,529
261,102
261,479
261,265
262,80
262,545
262,639
262,617
262,323
262,77
262,201
262,493
262,89
262,232
263,504
263,486
263,381
263,76
263,341
263,551
263,92
263,642
263,23
263,630
264,574
264,281
264,501
264,439
264,300
264,54
264,92
264,636
264,662
264,502
265,542
265,9
265,480
265,400
265,177
265,243
265,158
265,223
265,306
265,591
266,513
266,510
266,592
266,540
266,209
266,193
266,183
266,416
266,112
266,484
267,128
267,137
267,470
267,139
267,332
267,47
267,186
267,635
267,75
267,269
268,149
268,160
268,190
268,147
268,460
268,2
268,510
268,372
268,563
268,334
269,207
269,301
269,147
269,247
269,633
269,574
269,102
269,137
269,179
269,612
270,466
270,570
270,386
270,272
270,313
270,615
270,349
270,638
270,298
270,250
271,163
271,624
271,352
271,104
271,654
271,164
271,167
271,463
271,669
271,450
272,300
272,115
272,190
272,562
272,443
272,425
272,441
272,224
272,45
272,228
273,456
273,298
273,142
273,497
273,315
273,295
273,545
273,41
273,627
273,63
274,441
274,227
274,174
274,286
274,116
274,122
274,24
274,207
274,268
274,511
275,180
275,448
275,588
275,495
275,333
275,28
275,304
275,577
275,94
275,239
276,499
276,172
276,76
276,575
276,160
276,98
276,602
276,122
276,205
276,231
277,612
277,37
277,566
277,518
277,664
277,619
277,472
277,175
277,31
277,623
278,39
278,585
278,310
278,372
278,121
278,361
278,150
278,323
278,73
278,625
279,290
279,173
279,288
279,407
279,109
279,577
279,189
279,280
279,513
279,636
280,24
280,510
280,469
280,548
280,472
280,395
280,97
280,639
280,470
280,402
281,262
281,648
281,659
281,123
281,250
281,261
281,467
281,607
281,472
281,276
282,487
282,659
282,229
282,55
282,399
282,334
282,423
282,85
282,356
282,310
283,240
283,571
283,528
283,441
283,658
283,613
283,28
283,133
283,321
283,158
284,302
284,496
284,609
284,616
284,506
284,322
284,111
284,266
284,427
284,624
285,104
285,422
285,85
285,655
285,389
285,320
285,634
285,248
285,344
285,418
286,618
286,320
286,148
286,422
286,181
286,577
286,187
286,648
286,513
286,630
287,116
287,130
287,489
287,328
287,82
287,15
287,570
287,436
287,70
287,327
288,508
288,358
288,277
288,384
288,295
288,667
288,99
288,210
288,624
288,171
289,552
289,137
289,486
289,172
289,470
289,39
289,384
289,191
289,96
289,613
290,141
290,278
290,363
290,66
290,629
290,494
290,58
290,519
290,346
290,479
291,435
291,386
291,436
291,155
291,241
291,273
291,38
291,260
291,374
291,50
292,255
292,289
292,467
292,43
292,14
292,584
292,424
292,390
292,498
292,179
293,144
293,292
293,354
293,415
293,635
293,294
293,52
293,269
293,65
293,498
294,30
294,614
294,166
294,560
294,192
294,57
294,224
294,81
294,501
294,127
295,393
295,579
295,115
295,74
295,95
295,250
295,652
295,383
295,327
295,367
296,162
296,371
296,631
296,234
296,129
296,382
296,550
296,204
296,373
296,661
297,538
297,259
297,601
297,87
297,456
297,169
297,569
297,366
297,530
297,334
298,577
298,116
298,659
298,585
298,97
298,265
298,362
298,351
298,385
298,375
299,245
299,27
299,223
299,447
299,155
299,321
299,220
299,236
299,62
299,587
300,512
300,167
300,285
300,158
300,108
300,200
300,459
300,635
300,316
300,206
301,107
301,463
301,266
301,566
301,554
301,264
301,484
301,254
301,438
301,443
302,307
302,504
302,551
302,545
302,211
302,101
302,177
302,54
302,620
302,409
303,276
303,666
303,354
303,403
303,552
303,104
303,322
303,25
303,393
303,159
304,76
304,53
304,488
304,74
304,179
304,288
304,619
304,118
304,96
304,9
305,192
305,279
305,513
305,401
305,4
305,450
305,625
305,315
305,578
305,251
306,323
306,5
306,121
306,624
306,87
306,164
306,195
306,45
306,573
306,596
307,414
307,279
307,538
307,147
307,163
307,609
307,371
307,328
307,576
307,327
308,55
308,306
308,30
308,385
308,443
308,5
308,270
308,599
308,467
308,662
309,106
309,586
309,255
309,3
309,589
309,75
309,515
309,667
309,527
309,24
310,174
310,667
310,535
310,135
310,609
310,410
310,668
310,426
310,418
310,586
311,280
311,104
311,518
311,388
311,338
311,401
311,522
311,460
311,207
311,215
312,111
312,548
312,426
312,225
312,425
312,47
312,243
312,43
312,106
312,224
313,118
313,318
313,477
313,160
313,345
313,582
313,660
313,644
313,601
313,9
314,617
314,638
314,45
314,94
314,201
314,250
314,356
314,70
314,132
314,6
315,304
315,536
315,154
315,266
315,641
315,447
315,472
315,131
315,571
315,169
316,308
316,273
316,300
316,122
316,561
316,540
316,176
316,43
316,670
316,537
317,221
317,185
317,667
317,599
317,160
317,509
317,638
317,58
317,188
317,124
318,115
318,384
318,198
318,325
318,580
318,538
318,593
318,618
318,507
318,202
319,616
319,401
319,108
319,224
319,437
319,447
319,193
319,525
319,241
319,340
320,576
320,47
320,423
320,354
320,83
320,443
320,494
320,537
320,477
320,232
321,458
321,426
321,442
321,349
321,573
321,335
321,127
321,265
321,339
321,16
322,596
322,158
322,537
322,325
322,305
322,15
322,382
322,657
322,653
322,319
323,478
323,482
323,29
323,421
323,83
323,47
323,157
323,477
323,428
323,542
324,463
324,22
324,476
324,325
324,452
324,484
324,397
324,606
324,257
324,191
325,63
325,437
325,235
325,332
325,539
325,608
325,49
325,66
325,622
325,658
326,79
326,362
326,199
326,620
326,271
326,252
326,536
326,559
326,593
326,151
327,397
327,459
327,88
327,10
327,277
327,68
327,535
327,197
327,542
327,112
328,534
328,105
328,451
328,370
328,513
328,596
328,456
328,280
328,309
328,68
329,354
329,458
329,452
329,186
329,667
329,25
329,251
329,244
329,4
329,597
330,580
330,353
330,127
330,185
330,653
330,142
330,27
330,268
330,407
330,143
331,522
331,535
331,148
331,606
331,474
331,34
331,347
331,158
331,280
331,509
332,334
332,265
332,394
332,537
332,241
332,201
332,361
332,251
332,28
332,257
333,609
333,380
333,474
333,637
333,20
333,343
333,165
333,235
333,434
333,55
334,312
334,134
334,289
334,125
334,470
334,620
334,515
334,337
334,668
334,559
335,227
335,183
335,665
335,122
335,340
335,37
335,541
335,331
335,207
335,537
336,562
336,616
336,484
336,489
336,566
336,400
336,33
336,94
336,501
336,495
337,98
337,82
337,462
337,385
337,108
337,416
337,545
337,668
337,278
337,300
338,190
338,104
338,446
338,472
338,89
338,413
338,317
338,177
338,134
338,464
339,11
339,599
339,572
339,402
339,72
339,347
339,605
339,377
339,611
339,297
340,542
340,254
340,540
340,457
340,272
340,130
340,498
340,290
340,587
340,644
341,522
341,54
341,458
341,470
341,453
341,517
341,174
341,572
341,481
341,475
342,400
342,408
342,15
342,426
342,180
342,568
342,650
342,86
342,151
342,490
343,498
343,440
343,565
343,615
343,552
343,492
343,182
343,596
343,621
343,336
344,413
344,150
344,50
344,141
344,73
344,388
344,508
344,426
344,380
344,99
345,64
345,570
345,350
345,563
345,165
345,366
345,284
345,101
345,585
345,197
346,336
346,186
346,129
346,172
346,264
346,141
346,657
346,220
346,227
346,319
347,583
347,330
347,391
347,102
347,107
347,522
347,204
347,378
347,252
347,483
348,206
348,4
348,30
348,410
348,193
348,459
348,223
348,370
348,598
348,26
349,35
349,51
349,564
349,144
349,429
349,202
349,540
349,581
349,217
349,509
350,210
350,367
350,145
350,562
350,43
350,265
350,101
350,123
350,6
350,205
351,447
351,213
351,81
351,560
351,217
351,269
351,415
351,378
351,55
351,47
352,31
352,542
352,449
352,189
352,124
352,261
352,418
352,297
352,541
352,139
353,46
353,616
353,365
353,188
353,378
353,398
353,111
353,544
353,638
353,549
354,334
354,118
354,623
354,494
354,324
354,255
354,215
354,546
354,64
354,547
355,391
355,368
355,315
355,4
355,502
355,625
355,519
355,359
355,437
355,524
356,16
356,656
356,110
356,161
356,10
356,427
356,416
356,123
356,465
356,400
357,192
357,527
357,366
357,649
357,667
357,182
357,111
357,402
357,321
357,496
358,235
358,56
358,199
358,655
358,136
358,512
358,357
358,141
358,227
358,418
359,400
359,364
359,450
359,448
359,100
359,12
359,532
359,87
359,311
359,57
360,214
360,620
360,123
360,245
360,557
360,109
360,242
360,285
360,505
360,589
361,206
361,102
361,289
361,53
361,236
361,605
361,555
361,462
361,67
361,317
362,589
362,148
362,542
362,220
362,167
362,531
362,514
362,92
362,127
362,628
363,29
363,332
363,564
363,506
363,270
363,234
363,149
363,3
363,277
363,255
364,91
364,70
364,349
364,195
364,507
364,115
364,57
364,547
364,352
364,66
365,19
365,230
365,283
365,540
365,412
365,436
365,454
365,93
365,182
365,5
366,428
366,250
366,55
366,503
366,580
366,152
366,14
366,347
366,479
366,268
367,139
367,518
367,93
367,530
367,636
367,564
367,433
367,283
367,327
367,175
368,166
368,264
368,527
368,347
368,358
368,577
368,327
368,639
368,453
368,140
369,182
369,493
369,26
369,317
369,237
369,22
369,412
369,482
369,411
369,332
370,587
370,94
370,625
370,227
370,531
370,73
370,458
370,594
370,43
370,424
371,535
371,653
371,662
371,364
371,368
371,582
371,410
371,1
371,519
371,505
372,421
372,588
372,5
372,440
372,184
372,566
372,567
372,301
372,550
372,298
373,215
373,81
373,202
373,435
373,313
373,380
373,218
373,111
373,610
373,647
374,388
374,570
374,341
374,198
374,415
374,509
374,282
374,637
374,116
374,64
375,444
375,503
375,286
375,492
375,615
375,613
375,89
375,200
375,127
375,75
376,169
376,20
376,407
376,394
376,347
376,503
376,431
376,28
376,8
376,29
377,175
377,445
377,279
377,269
377,670
377,57
377,237
377,300
377,606
377,148
378,427
378,102
378,540
378,319
378,489
378,335
378,495
378,609
378,33
378,257
379,645
379,5
379,454
379,374
379,161
379,100
379,61
379,561
379,133
379,617
380,298
380,552
380,625
380,505
380,563
380,378
380,457
380,309
380,280
380,517
381,575
381,373
381,151
381,71
381,140
381,50
381,639
381,392
381,508
381,317
382,453
382,466
382,504
382,543
382,571
382,556
382,522
382,485
382,148
382,5
383,479
383,215
383,545
383,501
383,65
383,550
383,462
383,225
383,193
383,473
384,656
384,468
384,165
384,411
384,475
384,189
384,669
384,589
384,398
384,558
385,621
385,16
385,225
385,266
385,495
385,93
385,162
385,1
385,13
385,657
386,203
386,343
386,85
386,197
386,204
386,561
386,380
386,662
386,513
386,429
387,396
387,60
387,70
387,4
387,92
387,306
387,154
387,380
387,529
387,126
388,504
388,174
388,152
388,122
388,647
388,319
388,551
388,182
388,349
388,550
389,454
389,477
389,613
389,516
389,492
389,338
389,636
389,138
389,224
389,157
390,374
390,467
390,621
390,371
390,290
390,618
390,304
390,472
390,8
390,317
391,195
391,207
391,267
391,538
391,154
391,519
391,617
391,196
391,533
391,16
392,636
392,412
392,563
392,182
392,476
392,243
392,486
392,103
392,83
392,321
393,102
393,467
393,653
393,341
393,600
393,268
393,159
393,229
393,307
393,93
394,361
394,216
394,44
394,185
394,365
394,577
394,347
394,8
394,541
394,478
395,317
395,296
395,63
395,380
395,237
395,671
395,195
395,514
395,458
395,236
396,378
396,642
396,623
396,368
396,121
396,61
396,491
396,288
396,468
396,287
397,491
397,637
397,621
397,423
397,584
397,168
397,514
397,285
397,148
397,265
398,625
398,5
398,577
398,221
398,112
398,291
398,319
398,122
398,53
398,432
399,442
399,285
399,149
399,532
399,366
399,414
399,349
399,106
399,380
399,73
400,671
400,424
400,341
400,319
400,276
400,590
400,342
400,526
400,665
400,87
401,530
401,6
401,294
401,502
401,646
401,385
401,336
401,514
401,133
401,440
402,115
402,205
402,656
402,603
402,440
402,51
402,99
402,591
402,391
402,100
403,250
403,366
403,148
403,464
403,566
403,477
403,98
403,525
403,565
403,78
404,560
404,654
404,298
404,662
404,498
404,219
404,332
404,665
404,507
404,300
405,638
405,649
405,652
405,665
405,432
405,336
405,616
405,463
405,335
405,78
406,447
406,546
406,477
406,91
406,572
406,138
406,293
406,61
406,404
406,213
407,193
407,632
407,222
407,11
407,661
407,312
407,250
407,509
407,330
407,280
408,561
408,188
408,371
408,383
408,204
408,668
408,484
408,444
408,373
408,491
409,187
409,37
409,198
409,228
409,164
409,571
409,82
409,664
409,403
409,13
410,95
410,170
410,311
410,130
410,519
410,449
410,121
410,536
410,15
410,420
411,399
411,101
411,268
411,45
411,208
411,223
411,33
411,548
411,193
411,473
412,503
412,539
412,2
412,178
412,525
412,375
412,453
412,59
412,530
412,438
413,538
413,22
413,587
413,239
413,229
413,550
413,276
413,227
413,391
413,86
414,578
414,222
414,478
414,523
414,35
414,111
414,351
414,164
414,537
414,312
415,36
415,254
415,486
415,187
415,225
415,137
415,256
415,605
415,102
415,639
416,27
416,239
416,497
416,107
416,550
416,654
416,354
416,432
416,323
416,270
417,437
417,107
417,412
417,381
417,586
417,596
417,518
417,621
417,229
417,177
418,572
418,626
418,80
418,421
418,549
418,398
418,146
418,657
418,307
418,143
419,341
419,349
419,662
419,653
419,196
419,195
419,381
419,489
419,583
419,34
420,287
420,180
420,351
420,341
420,441
420,60
420,87
420,229
420,579
420,434
421,177
421,526
421,26
421,4
421,338
421,463
421,30
421,482
421,192
421,270
422,471
422,417
422,313
422,536
422,274
422,22
422,43
422,489
422,402
422,129
423,347
423,452
423,276
423,463
423,15
423,26
423,209
423,538
423,596
423,68
424,87
424,328
424,635
424,53
424,86
424,312
424,143
424,612
424,553
424,234
425,408
425,474
425,617
425,124
425,293
425,650
425,187
425,633
425,250
425,443
426,662
426,217
426,446
426,365
426,629
426,159
426,206
426,561
426,466
426,654
427,37
427,430
427,349
427,74
427,139
427,387
427,329
427,19
427,467
427,479
428,292
428,451
428,481
428,574
428,501
428,668
428,245
428,307
428,177
428,82
429,434
429,60
429,34
429,119
429,78
429,522
429,577
429,594
429,5
429,225
430,194
430,469
430,421
430,204
430,435
430,589
430,410
430,281
430,268
430,124
431,505
431,79
431,266
431,377
431,253
431,658
431,637
431,163
431,557
431,147
432,218
432,625
432,179
432,109
432,20
432,2
432,546
432,631
432,295
432,254
433,150
433,44
433,2
433,562
433,158
433,554
433,86
433,491
433,176
433,449
434,35
434,328
434,253
434,625
434,436
434,255
434,377
434,383
434,174
434,557
435,602
435,293
435,194
435,348
435,22
435,656
435,104
435,246
435,183
435,580
436,204
436,69
436,7
436,561
436,572
436,571
436,301
436,670
436,469
436,518
437,178
437,644
437,645
437,179
437,348
437,470
437,421
437,659
437,671
437,605
438,192
438,659
438,638
438,27
438,364
438,133
438,663
438,385
438,600
438,224
439,574
439,457
439,57
439,219
439,103
439,288
439,583
439,393
439,63
439,188
440,385
440,663
440,114
440,563
440,89
440,70
440,502
440,509
440,450
440,562
441,303
441,85
441,667
441,66
441,505
441,217
441,504
441,63
441,553
441,330
442,408
442,23
442,294
442,331
442,366
442,177
442,396
442,457
442,348
442,356
443,296
443,436
443,472
443,340
443,303
443,49
443,490
443,315
443,333
443,416
444,396
444,412
444,333
444,567
444,202
444,135
444,15
444,614
444,617
444,505
445,190
445,549
445,73
445,333
445,309
445,315
445,185
445,440
445,54
445,404
446,202
446,314
446,329
446,435
446,103
446,345
446,668
446,527
446,311
446,195
447,250
447,243
447,246
447,549
447,66
447,215
447,300
447,551
447,211
447,575
448,483
448,198
448,366
448,216
448,394
448,144
448,464
448,431
448,118
448,657
449,534
449,209
449,461
449,625
449,538
449,363
449,553
449,2
449,530
449,205
450,14
450,514
450,55
450,440
450,116
450,606
450,481
450,462
450,182
450,664
451,195
451,319
451,124
451,181
451,276
451,108
451,266
451,380
451,405
451,259
452,266
452,280
452,649
452,477
452,116
452,558
452,149
452,364
452,345
452,642
453,76
453,431
453,44
453,310
453,298
453,511
453,318
453,452
453,554
453,95
454,578
454,140
454,576
454,141
454,16
454,507
454,30
454,653
454,531
454,244
455,543
455,98
455,591
455,250
455,650
455,183
455,14
455,652
455,274
455,661
456,11
456,199
456,216
456,332
456,126
456,445
456,634
456,528
456,97
456,670
457,437
457,443
457,108
457,376
457,446
457,91
457,572
457,40
457,399
457,231
458,262
458,492
458,582
458,498
458,494
458,8
458,664
458,537
458,58
458,621
459,293
459,182
459,256
459,566
459,425
459,43
459,629
459,394
459,46
459,610
460,414
460,618
460,481
460,567
460,46
460,456
460,357
460,32
460,588
460,620
461,116
461,118
461,527
461,16
461,224
461,524
461,280
461,25
461,316
461,222
462,574
462,204
462,649
462,514
462,365
462,45
462,182
462,519
462,189
462,40
463,639
463,663
463,631
463,183
463,582
463,364
463,635
463,127
463,533
463,522
464,148
464,424
464,180
464,56
464,524
464,651
464,270
464,108
464,261
464,158
465,132
465,378
465,420
465,613
465,152
465,456
465,544
465,554
465,531
465,317
466,115
466,573
466,396
466,495
466,333
466,378
466,13
466,397
466,411
466,235
467,114
467,362
467,548
467,551
467,204
467,193
467,451
467,79
467,304
467,491
468,262
468,21
468,644
468,537
468,225
468,89
468,407
468,283
468,344
468,469
469,480
469,178
469,519
469,498
469,149
469,315
469,83
469,230
469,102
469,631
470,251
470,198
470,157
470,91
470,371
470,559
470,529
470,330
470,591
470,421
471,335
471,78
471,555
471,99
471,7
471,348
471,257
471,470
471,642
471,247
472,41
472,90
472,34
472,316
472,376
472,490
472,564
472,89
472,432
472,558
473,39
473,2
473,374
473,658
473,595
473,342
473,176
473,519
473,559
473,346
474,176
474,223
474,195
474,94
474,148
474,416
474,84
474,506
474,427
474,323
475,397
475,380
475,451
475,323
475,527
475,422
475,96
475,481
475,152
475,633
476,126
476,402
476,492
476,427
476,498
476,566
476,113
476,327
476,118
476,244
477,485
477,548
477,20
477,233
477,112
477,330
477,588
477,16
477,41
477,244
478,286
478,285
478,89
478,194
478,423
478,570
478,579
478,94
478,309
478,130
479,392
479,298
479,359
479,388
479,375
479,442
479,58
479,240
479,461
479,130
480,340
480,166
480,367
480,615
480,54
480,562
480,472
480,626
480,545
480,288
481,272
481,548
481,178
481,25
481,615
481,133
481,422
481,253
481,59
481,320
482,62
482,16
482,183
482,645
482,205
482,150
482,93
482,291
482,94
482,359
483,315
483,412
483,519
483,361
483,120
483,209
483,147
483,451
483,353
483,418
484,90
484,448
484,319
484,320
484,276
484,413
484,57
484,575
484,556
484,489
485,539
485,11
485,46
485,315
485,648
485,191
485,405
485,364
485,379
485,45
486,488
486,66
486,57
486,254
486,108
486,365
486,531
486,214
486,522
486,266
487,310
487,323
487,114
487,574
487,558
487,354
487,239
487,532
487,59
487,365
488,588
488,474
488,565
488,609
488,292
488,41
488,55
488,245
488,75
488,184
489,443
489,93
489,78
489,604
489,43
489,400
489,548
489,103
489,254
489,420
490,96
490,505
490,234
490,285
490,434
490,537
490,630
490,284
490,539
490,239
491,666
491,513
491,36
491,43
491,636
491,621
491,23
491,620
491,413
491,499
492,393
492,123
492,168
492,273
492,228
492,530
492,293
492,249
492,289
492,139
493,586
493,577
493,50
493,217
493,193
493,124
493,301
493,391
493,229
493,529
494,48
494,352
494,406
494,481
494,460
494,427
494,110
494,570
494,478
494,594
495,314
495,198
495,451
495,266
495,501
495,566
495,665
495,371
495,546
495,269
496,209
496,481
496,449
496,160
496,371
496,130
496,237
496,425
496,442
496,581
497,384
497,315
497,513
497,556
497,141
497,280
497,155
497,609
497,378
497,32
498,209
498,92
498,235
498,555
498,559
498,378
498,63
498,144
498,47
498,261
499,328
499,537
499,103
499,466
499,118
499,372
499,567
499,594
499,256
499,424
500,14
500,464
500,289
500,353
500,577
500,560
500,194
500,539
500,155
500,632
501,542
501,402
501,354
501,632
501,561
501,218
501,597
501,209
501,184
501,25
502,262
502,616
502,492
502,74
502,204
502,100
502,68
502,539
502,350
502,25
503,655
503,321
503,583
503,282
503,209
503,529
503,647
503,362
503,202
503,642
504,555
504,451
504,273
504,113
504,177
504,351
504,228
504,10
504,352
504,257
505,202
505,243
505,637
505,281
505,653
505,522
505,509
505,51
505,98
505,63
506,9
506,517
506,583
506,494
506,365
506,91
506,642
506,214
506,185
506,300
507,452
507,14
507,228
507,557
507,142
507,109
507,506
507,521
507,440
507,597
508,108
508,4
508,281
508,435
508,30
508,14
508,1
508,642
508,470
508,474
509,638
509,613
509,251
509,292
509,13
509,639
509,254
509,84
509,627
509,205
510,75
510,119
510,504
510,459
510,465
510,569
510,631
510,30
510,349
510,567
511,151
511,191
511,429
511,549
511,340
511,256
511,262
511,133
511,477
511,139
512,585
512,197
512,350
512,270
512,166
512,574
512,438
512,639
512,123
512,65
513,451
513,436
513,81
513,548
513,204
513,518
513,191
513,583
513,102
513,184
514,343
514,541
514,198
514,538
514,207
514,120
514,16
514,135
514,606
514,294
515,613
515,497
515,92
515,419
515,223
515,179
515,202
515,557
515,529
515,383
516,663
516,462
516,197
516,303
516,26
516,537
516,253
516,261
516,638
516,589
517,493
517,654
517,243
517,252
517,647
517,665
517,23
517,571
517,663
517,84
518,618
518,69
518,108
518,384
518,33
518,262
518,45
518,584
518,209
518,142
519,9
519,639
519,288
519,493
519,568
519,163
519,566
519,522
519,580
519,279
520,220
520,541
520,627
520,612
520,447
520,534
520,274
520,383
520,585
520,55
521,100
521,559
521,469
521,47
521,339
521,371
521,556
521,417
521,658
521,228
522,537
522,351
522,539
522,95
522,543
522,320
522,180
522,384
522,304
522,379
523,327
523,296
523,310
523,368
523,611
523,168
523,590
523,576
523,219
523,659
524,207
524,85
524,211
524,58
524,259
524,494
524,117
524,518
524,295
524,490
525,11
525,92
525,446
525,445
525,149
525,441
525,663
525,381
525,67
525,634
526,498
526,385
526,115
526,601
526,468
526,221
526,470
526,203
526,444
526,193
527,144
527,618
527,383
527,313
527,159
527,272
527,659
527,202
527,566
527,443
528,576
528,316
528,530
528,595
528,198
528,14
528,273
528,37
528,591
528,63
529,513
529,439
529,200
529,559
529,198
529,231
529,23
529,523
529,580
529,357
530,494
530,197
530,389
530,36
530,641
530,208
530,96
530,417
530,618
530,460
531,304
531,33
531,489
531,450
531,315
531,10
531,221
531,14
531,582
531,103
532,366
532,560
532,486
532,640
532,637
532,631
532,30
532,83
532,282
532,526
533,655
533,184
533,596
533,379
533,552
533,501
533,615
533,26
533,47
533,448
534,219
534,357
534,309
534,313
534,551
534,503
534,389
534,274
534,235
534,222
535,477
535,124
535,401
535,503
535,127
535,641
535,330
535,580
535,131
535,160
536,33
536,252
536,630
536,21
536,390
536,184
536,407
536,401
536,62
536,360
537,494
537,575
537,641
537,425
537,584
537,627
537,413
537,68
537,175
537,153
538,123
538,350
538,25
538,592
538,309
538,343
538,15
538,62
538,98
538,671
539,517
539,342
539,389
539,580
539,649
539,213
539,231
539,225
539,353
539,144
540,504
540,553
540,399
540,296
540,43
540,4
540,85
540,175
540,297
540,267
541,244
541,11
541,54
541,213
541,581
541,233
541,266
541,664
541,462
541,269
542,524
542,136
542,628
542,552
542,397
542,401
542,45
542,532
542,445
542,434
543,512
543,544
543,576
543,563
543,387
543,205
543,55
543,625
543,145
543,83
544,266
544,45
544,365
544,641
544,474
544,35
544,359
544,422
544,216
544,528
545,271
545,26
545,431
545,73
545,356
545,429
545,393
545,288
545,221
545,316
546,478
546,34
546,302
546,647
546,315
546,46
546,17
546,36
546,225
546,538
547,656
547,644
547,579
547,172
547,380
547,362
547,512
547,491
547,104
547,90
548,576
548,578
548,278
548,524
548,543
548,487
548,594
548,260
548,344
548,356
549,165
549,390
549,493
549,396
549,5
549,168
549,341
549,246
549,350
549,103
550,126
550,72
550,448
550,70
550,612
550,119
550,138
550,496
550,436
550,32
551,288
551,472
551,86
551,34
551,186
551,416
551,411
551,611
551,148
551,328
552,536
552,87
552,94
552,535
552,256
552,335
552,194
552,78
552,376
552,128
553,4
553,485
553,653
553,386
553,313
553,543
553,422
553,502
553,335
553,243
554,191
554,103
554,336
554,509
554,54
554,48
554,483
554,198
554,440
554,507
555,194
555,622
555,463
555,407
555,572
555,516
555,573
555,560
555,649
555,55
556,375
556,283
556,45
556,329
556,173
556,387
556,203
556,374
556,285
556,54
557,121
557,83
557,36
557,627
557,293
557,285
557,387
557,262
557,554
557,484
558,53
558,513
558,559
558,149
558,407
558,449
558,600
558,328
558,34
558,241
559,566
559,245
559,618
559,222
559,660
559,58
559,42
559,310
559,201
559,408
560,632
560,206
560,414
560,483
560,567
560,283
560,36
560,463
560,584
560,363
561,175
561,255
561,485
561,593
561,448
561,346
561,466
561,577
561,197
561,555
562,453
562,640
562,631
562,173
562,667
562,99
562,482
562,501
562,171
562,553
563,55
563,229
563,146
563,468
563,398
563,219
563,384
563,654
563,99
563,430
564,126
564,98
564,465
564,277
564,33
564,456
564,444
564,400
564,417
564,181
565,412
565,104
565,530
565,615
565,113
565,176
565,486
565,514
565,191
565,524
566,414
566,218
566,491
566,545
566,465
566,59
566,354
566,535
566,630
566,640
567,73
567,72
567,462
567,429
567,143
567,546
567,457
567,34
567,367
567,49
568,589
568,528
568,427
568,141
568,496
568,638
568,394
568,410
568,398
568,62
569,77
569,479
569,212
569,671
569,75
569,62
569,619
569,560
569,259
569,142
570,293
570,536
570,232
570,173
570,646
570,154
570,64
570,358
570,366
570,657
571,625
571,626
571,48
571,350
571,338
571,669
571,480
571,255
571,356
571,423
572,195
572,362
572,499
572,566
572,9
572,482
572,580
572,530
572,268
572,451
573,98
573,572
573,310
573,33
573,664
573,298
573,217
573,256
573,133
573,214
574,314
574,307
574,425
574,105
574,612
574,297
574,344
574,6
574,562
574,592
575,7
575,518
575,72
575,476
575,196
575,94
575,376
575,90
575,308
575,215
576,511
576,421
576,3
576,182
576,220
576,613
576,335
576,481
576,190
576,83
577,548
577,280
577,158
577,364
577,130
577,56
577,322
577,23
577,562
577,323
578,90
578,641
578,161
578,211
578,454
578,118
578,261
578,580
578,62
578,661
579,245
579,400
579,608
579,551
579,254
579,566
579,308
579,449
579,111
579,457
580,239
580,336
580,204
580,86
580,14
580,550
580,41
580,441
580,602
580,462
581,153
581,238
581,626
581,477
581,113
581,228
581,563
581,194
581,645
581,461
582,589
582,136
582,106
582,508
582,518
582,300
582,274
582,303
582,653
582,335
583,417
583,591
583,382
583,168
583,102
583,603
583,667
583,116
583,413
583,337
584,579
584,124
584,258
584,364
584,627
584,252
584,387
584,235
584,68
584,189
585,84
585,108
585,39
585,264
585,10
585,162
585,45
585,660
585,580
585,138
586,423
586,37
586,140
586,507
586,611
586,214
586,530
586,119
586,173
586,22
587,210
587,462
587,352
587,57
587,495
587,247
587,459
587,427
587,185
587,154
588,132
588,523
588,258
588,86
588,227
588,614
588,242
588,364
588,248
588,115
589,360
589,605
589,103
589,442
589,593
589,268
589,409
589,546
589,187
589,667
590,650
590,275
590,617
590,158
590,361
590,125
590,508
590,3
590,613
590,499
591,353
591,634
591,206
591,98
591,104
591,541
591,482
591,260
591,580
591,354
592,313
592,282
592,328
592,488
592,651
592,365
592,243
592,102
592,47
592,76
593,581
593,133
593,496
593,131
593,553
593,404
593,347
593,564
593,112
593,267
594,236
594,24
594,337
594,469
594,299
594,141
594,457
594,4
594,220
594,302
595,539
595,162
595,146
595,329
595,484
595,646
595,283
595,500
595,475
595,541
596,513
596,16
596,47
596,233
596,557
596,668
596,46
596,376
596,14
596,642
597,486
597,370
597,139
597,358
597,74
597,498
597,317
597,652
597,318
597,623
598,447
598,189
598,15
598,455
598,279
598,463
598,541
598,646
598,432
598,579
599,642
599,271
599,464
599,258
599,433
599,401
599,555
599,322
599,9
599,314
600,451
600,106
600,181
600,257
600,629
600,137
600,163
600,115
600,123
600,114
601,668
601,655
601,29
601,606
601,470
601,384
601,217
601,534
601,379
601,439
602,4
602,516
602,121
602,170
602,132
602,519
602,458
602,135
602,640
602,232
603,500
603,567
603,642
603,433
603,43
603,197
603,284
603,17
603,172
603,579
604,82
604,14
604,374
604,595
604,124
604,113
604,505
604,358
604,521
604,510
605,31
605,530
605,565
605,412
605,540
605,201
605,348
605,647
605,489
605,96
606,566
606,349
606,369
606,501
606,25
606,632
606,430
606,329
606,613
606,108
607,101
607,552
607,471
607,85
607,407
607,47
607,520
607,193
607,488
607,45
608,609
608,66
608,402
608,499
608,45
608,170
608,660
608,646
608,223
608,366
609,585
609,370
609,631
609,48
609,169
609,386
609,639
609,141
609,255
609,615
610,56
610,588
610,659
610,417
610,405
610,141
610,636
610,3
610,463
610,61
611,288
611,237
611,333
611,541
611,503
611,575
611,93
611,290
611,535
611,443
612,210
612,520
612,470
612,205
612,453
612,659
612,123
612,127
612,295
612,281
613,52
613,542
613,408
613,586
613,544
613,43
613,297
613,134
613,32
613,131
614,12
614,434
614,364
614,572
614,266
614,577
614,215
614,300
614,587
614,450
615,191
615,337
615,65
615,138
615,404
615,5
615,483
615,660
615,244
615,24
616,126
616,78
616,470
616,502
616,249
616,237
616,423
616,497
616,465
616,453
617,232
617,533
617,275
617,189
617,525
617,357
617,500
617,324
617,386
617,459
618,614
618,316
618,116
618,8
618,31
618,134
618,46
618,626
618,422
618,186
619,95
619,622
619,608
619,200
619,139
619,344
619,295
619,378
619,256
619,118
620,585
620,614
620,554
620,636
620,538
620,149
620,536
620,269
620,128
620,606
621,499
621,611
621,324
621,369
621,401
621,457
621,638
621,207
621,591
621,343
622,379
622,590
622,290
622,26
622,87
622,426
622,577
622,415
622,604
622,638
623,560
623,638
623,160
623,203
623,540
623,292
623,131
623,156
623,208
623,362
624,572
624,23
624,147
624,639
624,659
624,636
624,347
624,424
624,500
624,164
625,610
625,652
625,657
625,601
625,622
625,607
625,513
625,633
625,271
625,540
626,541
626,485
626,630
626,264
626,619
626,472
626,380
626,16
626,78
626,76
627,392
627,220
627,8
627,166
627,367
627,506
627,655
627,399
627,623
627,15
628,44
628,513
628,304
628,517
628,621
628,426
628,161
628,20
628,31
628,365
629,181
629,397
629,49
629,579
629,537
629,88
629,38
629,164
629,284
629,506
630,659
630,336
630,389
630,492
630,414
630,18
630,390
630,558
630,57
630,181
631,611
631,544
631,25
631,69
631,138
631,224
631,316
631,343
631,606
631,22
632,523
632,460
632,669
632,529
632,19
632,335
632,95
632,342
632,341
632,314
633,413
633,457
633,400
633,61
633,484
633,626
633,301
633,469
633,504
633,495
634,471
634,166
634,494
634,180
634,25
634,251
634,632
634,46
634,248
634,121
635,651
635,291
635,155
635,136
635,288
635,664
635,147
635,657
635,295
635,64
636,391
636,630
636,8
636,468
636,130
636,221
636,453
636,257
636,446
636,248
637,369
637,90
637,16
637,387
637,309
637,583
637,539
637,510
637,72
637,60
638,364
638,197
638,153
638,503
638,343
638,382
638,615
638,325
638,516
638,488
639,278
639,213
639,121
639,37
639,531
639,228
639,194
639,378
639,203
639,447
640,447
640,5
640,320
640,428
640,594
640,84
640,566
640,66
640,565
640,540
641,55
641,487
641,181
641,221
641,86
641,611
641,67
641,192
641,126
641,435
642,58
642,161
642,606
642,33
642,101
642,214
642,172
642,202
642,245
642,163
643,301
643,492
643,542
643,554
643,406
643,328
643,242
643,398
643,360
643,174
644,38
644,241
644,149
644,419
644,143
644,154
644,639
644,643
644,176
644,121
645,464
645,164
645,318
645,155
645,535
645,417
645,408
645,205
645,444
645,276
646,98
646,143
646,199
646,207
646,406
646,586
646,21
646,400
646,267
646,368
647,319
647,481
647,435
647,607
647,374
647,204
647,14
647,580
647,619
647,381
648,362
648,568
648,364
648,369
648,647
648,22
648,421
648,487
648,367
648,294
649,147
649,555
649,549
649,623
649,232
649,127
649,252
649,432
649,159
649,572
650,162
650,635
650,358
650,180
650,268
650,257
650,439
650,205
650,505
650,223
651,466
651,150
651,502
651,90
651,418
651,39
651,627
651,336
651,622
651,271
652,618
652,356
652,634
652,162
652,23
652,309
652,380
652,534
652,48
652,350
653,82
653,38
653,75
653,372
653,263
653,428
653,530
653,137
653,277
653,369
654,496
654,223
654,272
654,185
654,98
654,290
654,464
654,351
654,320
654,552
655,4
655,97
655,497
655,257
655,372
655,343
655,79
655,352
655,87
655,482
656,43
656,655
656,21
656,58
656,185
656,65
656,201
656,286
656,150
656,133
657,146
657,389
657,443
657,215
657,158
657,26
657,626
657,170
657,579
657,663
658,659
658,22
658,264
658,117
658,278
658,92
658,523
658,428
658,228
658,450
659,31
659,96
659,398
659,264
659,241
659,12
659,356
659,517
659,400
659,208
660,200
660,157
660,114
660,406
660,287
660,313
660,257
660,309
660,638
660,293
661,13
661,640
661,247
661,613
661,320
661,225
661,15
661,188
661,621
661,41
662,622
662,97
662,416
662,118
662,499
662,33
662,414
662,269
662,178
662,652
663,589
663,196
663,264
663,386
663,213
663,166
663,376
663,653
663,102
663,44
664,161
664,386
664,621
664,425
664,495
664,408
664,119
664,471
664,292
664,404
665,256
665,595
665,378
665,291
665,495
665,485
665,317
665,590
665,316
665,487
666,634
666,656
666,276
666,494
666,452
666,209
666,582
666,512
666,85
666,580
667,565
667,278
667,382
667,386
667,288
667,226
667,641
667,616
667,61
667,212
668,275
668,268
668,253
668,647
668,308
668,560
668,37
668,196
668,506
668,284
669,121
669,340
669,393
669,641
669,458
669,270
669,420
669,566
669,507
669,624
670,228
670,237
670,379
670,497
670,7
670,224
670,313
670,116
670,655
670,244
671,4
671,507
671,663
671,69
671,505
671,437
671,19
671,232
671,640
671,95
