[
  {
    "id": "9133cea5-2eb2-470a-bc09-e88a8af4e1a3",
    "data": [
      {
        "text": "TV shows \u0026 Movie Recommendation",
        "userDefined": false
      }
    ],
    "isTemplate": false,
    "count": 0,
    "lang": "en",
    "updated": 0
  },
  {
    "id": "c6d99903-9d51-4249-b867-e1b92c4b2949",
    "data": [
      {
        "text": "give me a recommendation",
        "userDefined": false
      }
    ],
    "isTemplate": false,
    "count": 0,
    "lang": "en",
    "updated": 0
  },
  {
    "id": "0363dbb4-9ce1-4426-99ba-f51d4fb2ea88",
    "data": [
      {
        "text": "give a recommendation please",
        "userDefined": false
      }
    ],
    "isTemplate": false,
    "count": 0,
    "lang": "en",
    "updated": 0
  },
  {
    "id": "c38023c9-264f-416e-99b8-d952f09c5ac2",
    "data": [
      {
        "text": "Can you recommend a show?",
        "userDefined": false
      }
    ],
    "isTemplate": false,
    "count": 0,
    "lang": "en",
    "updated": 0
  },
  {
    "id": "ef208ed0-ff41-4c5d-a5a5-7eca5b7f12a0",
    "data": [
      {
        "text": "Can you recommend a TV show?",
        "userDefined": false
      }
    ],
    "isTemplate": false,
    "count": 0,
    "lang": "en",
    "updated": 0
  },
  {
    "id": "a554d07e-c86d-4e7b-9e3a-a1e8e4e6be07",
    "data": [
      {
        "text": "Can you recommend a movie?",
        "userDefined": false
      }
    ],
    "isTemplate": false,
    "count": 0,
    "lang": "en",
    "updated": 0
  },
  {
    "id": "77a91c2d-5b46-4551-8ddb-9dc519b755e5",
    "data": [
      {
        "text": "Can you recommend a movie/TV show?",
        "userDefined": false
      }
    ],
    "isTemplate": false,
    "count": 0,
    "lang": "en",
    "updated": 0
  },
  {
    "id": "76a15427-7de5-4a23-bb1d-dbfec7ff0736",
    "data": [
      {
        "text": "recommend something",
        "userDefined": false
      }
    ],
    "isTemplate": false,
    "count": 0,
    "lang": "en",
    "updated": 0
  },
  {
    "id": "92add56f-e2a8-4cb1-ae6a-b294ac66c8d1",
    "data": [
      {
        "text": "recommend",
        "userDefined": false
      }
    ],
    "isTemplate": false,
    "count": 0,
    "lang": "en",
    "updated": 0
  },
  {
    "id": "8440891c-a50d-457b-8e22-f119daefe401",
    "data": [
      {
        "text": "Can you recommend something to watch?",
        "userDefined": false
      }
    ],
    "isTemplate": false,
    "count": 0,
    "lang": "en",
    "updated": 0
  },
  {
    "id": "ffcd1057-62e0-4d52-947e-f2bf0d6a9dec",
    "data": [
      {
        "text": "What should I watch?",
        "userDefined": false
      }
    ],
    "isTemplate": false,
    "count": 0,
    "lang": "en",
    "updated": 0
  },
  {
    "id": "d25dcd9b-134f-4900-8997-01a0ad9d892e",
    "data": [
      {
        "text": "I want to watch a show",
        "userDefined": false
      }
    ],
    "isTemplate": false,
    "count": 0,
    "lang": "en",
    "updated": 0
  },
  {
    "id": "31ddfa9b-b79d-4bdc-88a8-d6af013096d2",
    "data": [
      {
        "text": "I want to watch a TV show",
        "userDefined": false
      }
    ],
    "isTemplate": false,
    "count": 0,
    "lang": "en",
    "updated": 0
  },
  {
    "id": "41359d5f-cd1a-4a59-b7a2-8f9ff77e4bd6",
    "data": [
      {
        "text": "I want to watch a movie",
        "userDefined": false
      }
    ],
    "isTemplate": false,
    "count": 0,
    "lang": "en",
    "updated": 0
  },
  {
    "id": "cc0134ff-5b17-4d71-b9ee-2a0d48c43039",
    "data": [
      {
        "text": "I want to watch a movie/TV show",
        "userDefined": false
      }
    ],
    "isTemplate": false,
    "count": 0,
    "lang": "en",
    "updated": 0
  }
]