[
  {
    "id": "cbd26186-569d-4854-9b81-51dfb172cdc3",
    "data": [
      {
        "text": "Manage Account/Payment details",
        "userDefined": false
      }
    ],
    "isTemplate": false,
    "count": 0,
    "lang": "en",
    "updated": 0
  },
  {
    "id": "5f798665-ffb3-4677-b685-2d3779db4c89",
    "data": [
      {
        "text": "Payment",
        "userDefined": false
      }
    ],
    "isTemplate": false,
    "count": 0,
    "lang": "en",
    "updated": 0
  },
  {
    "id": "1670053c-2cdd-46b6-a462-92f098ebb3a7",
    "data": [
      {
        "text": "Account",
        "userDefined": false
      }
    ],
    "isTemplate": false,
    "count": 3,
    "lang": "en",
    "updated": 0
  },
  {
    "id": "316a2ef3-033c-41a6-abdc-e9f06c34bac5",
    "data": [
      {
        "text": "Payment details",
        "userDefined": false
      }
    ],
    "isTemplate": false,
    "count": 0,
    "lang": "en",
    "updated": 0
  },
  {
    "id": "0e0a7e8c-32be-433e-885a-cca83d649a56",
    "data": [
      {
        "text": "Account/Payment details",
        "userDefined": false
      }
    ],
    "isTemplate": false,
    "count": 0,
    "lang": "en",
    "updated": 0
  },
  {
    "id": "d6dd8634-8e1a-491e-b7d3-a712780f6699",
    "data": [
      {
        "text": "Account details",
        "userDefined": false
      }
    ],
    "isTemplate": false,
    "count": 0,
    "lang": "en",
    "updated": 0
  }
]