[
  {
    "id": "d7aa145b-c7ca-4c18-98dc-cc59f83b276a",
    "data": [
      {
        "text": "send a friend request",
        "userDefined": false
      }
    ],
    "isTemplate": false,
    "count": 0,
    "lang": "en",
    "updated": 0
  },
  {
    "id": "bfcdc394-ac76-4801-92c1-f8b167a1812d",
    "data": [
      {
        "text": "send friend request to ",
        "userDefined": false
      },
      {
        "text": "email@hotmail.com",
        "meta": "@sys.email",
        "alias": "email",
        "userDefined": true
      }
    ],
    "isTemplate": false,
    "count": 0,
    "lang": "en",
    "updated": 0
  },
  {
    "id": "0d311fc8-9207-4374-b7d3-e7ea0ede4f80",
    "data": [
      {
        "text": "add friend ",
        "userDefined": false
      },
      {
        "text": "email@gmail.com",
        "meta": "@sys.email",
        "alias": "email",
        "userDefined": true
      }
    ],
    "isTemplate": false,
    "count": 0,
    "lang": "en",
    "updated": 0
  }
]