[
  {
    "id": "f80d869c-a280-443a-946b-b1292fa79c45",
    "data": [
      {
        "text": "log in",
        "userDefined": false
      }
    ],
    "isTemplate": false,
    "count": 0,
    "lang": "en",
    "updated": 0
  },
  {
    "id": "21271e0f-0b1f-461b-ad54-42996228a599",
    "data": [
      {
        "text": "login",
        "userDefined": false
      }
    ],
    "isTemplate": false,
    "count": 0,
    "lang": "en",
    "updated": 0
  },
  {
    "id": "ad89d5d1-40c9-4ec9-8874-c211211d58d7",
    "data": [
      {
        "text": "I would like to login",
        "userDefined": false
      }
    ],
    "isTemplate": false,
    "count": 0,
    "lang": "en",
    "updated": 0
  }
]