[
  {
    "id": "4f53c8f6-564d-4c85-b626-7c1168e1a170",
    "data": [
      {
        "text": "No, I want to reschedule",
        "userDefined": false
      }
    ],
    "isTemplate": false,
    "count": 0,
    "lang": "en",
    "updated": 0
  },
  {
    "id": "bb785cc9-8eb6-4eae-9207-3d513d64b61b",
    "data": [
      {
        "text": "i would like to schedule a movie",
        "userDefined": false
      }
    ],
    "isTemplate": false,
    "count": 0,
    "lang": "en",
    "updated": 0
  },
  {
    "id": "f0b9e8cb-a696-4e5c-8507-d86b4cb65f93",
    "data": [
      {
        "text": "can i schedule a movie",
        "userDefined": false
      }
    ],
    "isTemplate": false,
    "count": 0,
    "lang": "en",
    "updated": 0
  },
  {
    "id": "659d9ab8-a2ef-4e06-a7d2-e5e5dcc356d0",
    "data": [
      {
        "text": "i want to schedule a movie",
        "userDefined": false
      }
    ],
    "isTemplate": false,
    "count": 0,
    "lang": "en",
    "updated": 0
  },
  {
    "id": "e99989bb-48c6-4e77-97e8-04e0d1a31a17",
    "data": [
      {
        "text": "schedule movie",
        "userDefined": false
      }
    ],
    "isTemplate": false,
    "count": 0,
    "lang": "en",
    "updated": 0
  },
  {
    "id": "4c97d43e-6d0f-4f1e-ac31-78223f864a4a",
    "data": [
      {
        "text": "schedule a TV show",
        "userDefined": false
      }
    ],
    "isTemplate": false,
    "count": 0,
    "lang": "en",
    "updated": 0
  },
  {
    "id": "f36b451e-afc7-4f62-bf54-8c2d8357fa1c",
    "data": [
      {
        "text": "schedule a show",
        "userDefined": false
      }
    ],
    "isTemplate": false,
    "count": 0,
    "lang": "en",
    "updated": 0
  },
  {
    "id": "dd5a095f-8fab-40e4-abc1-1ab748a2570d",
    "data": [
      {
        "text": "schedule a movie",
        "userDefined": false
      }
    ],
    "isTemplate": false,
    "count": 0,
    "lang": "en",
    "updated": 0
  },
  {
    "id": "74eec1d7-2cd4-43aa-b1b9-660791285fa6",
    "data": [
      {
        "text": "schedule",
        "userDefined": false
      }
    ],
    "isTemplate": false,
    "count": 0,
    "lang": "en",
    "updated": 0
  },
  {
    "id": "b6862d02-fe1c-499a-8a2b-1cac3e0967e4",
    "data": [
      {
        "text": "Schedule a TV show/Movie Meeting",
        "userDefined": false
      }
    ],
    "isTemplate": false,
    "count": 0,
    "lang": "en",
    "updated": 0
  },
  {
    "id": "a65cfc02-188d-4e0f-9675-2087d98bb62e",
    "data": [
      {
        "text": "Schedule watching  ",
        "userDefined": false
      },
      {
        "text": "movie name",
        "meta": "@sys.any",
        "alias": "movie",
        "userDefined": true
      },
      {
        "text": " with ",
        "userDefined": false
      },
      {
        "text": "Dr Who",
        "meta": "@sys.person",
        "alias": "friend",
        "userDefined": true
      },
      {
        "text": " at ",
        "userDefined": false
      },
      {
        "text": "10 AM",
        "meta": "@sys.time",
        "alias": "time",
        "userDefined": true
      },
      {
        "text": " ",
        "userDefined": false
      },
      {
        "text": "tomorrow",
        "meta": "@sys.date",
        "alias": "date",
        "userDefined": true
      }
    ],
    "isTemplate": false,
    "count": 0,
    "lang": "en",
    "updated": 0
  },
  {
    "id": "2123e3a2-6aca-4be9-b735-e1c880b22809",
    "data": [
      {
        "text": "I would like to watch a movie ",
        "userDefined": false
      },
      {
        "text": "name",
        "meta": "@sys.any",
        "alias": "movie",
        "userDefined": true
      },
      {
        "text": " with my friend ",
        "userDefined": false
      },
      {
        "text": "name",
        "meta": "@sys.person",
        "alias": "friend",
        "userDefined": true
      },
      {
        "text": " at ",
        "userDefined": false
      },
      {
        "text": "3 PM",
        "meta": "@sys.time",
        "alias": "time",
        "userDefined": true
      },
      {
        "text": " ",
        "userDefined": false
      },
      {
        "text": "today",
        "meta": "@sys.date",
        "alias": "date",
        "userDefined": true
      }
    ],
    "isTemplate": false,
    "count": 0,
    "lang": "en",
    "updated": 0
  }
]