[
  {
    "id": "6c193182-86bf-4815-9b88-5a400ad3b330",
    "data": [
      {
        "text": "No",
        "meta": "@sys.any",
        "alias": "confirm",
        "userDefined": true
      }
    ],
    "isTemplate": false,
    "count": 1,
    "lang": "en",
    "updated": 0
  },
  {
    "id": "36da95f4-2e9a-4b60-92ee-fce9c48d6225",
    "data": [
      {
        "text": "Yes",
        "meta": "@sys.any",
        "alias": "confirm",
        "userDefined": true
      }
    ],
    "isTemplate": false,
    "count": 0,
    "lang": "en",
    "updated": 0
  }
]