[
  {
    "id": "ee6a7010-4f06-44f3-bd99-c2f88c54d57c",
    "data": [
      {
        "text": "show stats",
        "userDefined": false
      }
    ],
    "isTemplate": false,
    "count": 0,
    "lang": "en",
    "updated": 0
  },
  {
    "id": "3a6b7ab7-7f74-49dd-892e-5cbeabe2377a",
    "data": [
      {
        "text": "my stats",
        "userDefined": false
      }
    ],
    "isTemplate": false,
    "count": 0,
    "lang": "en",
    "updated": 0
  },
  {
    "id": "f4569603-9214-4ed4-b228-de5d774854f3",
    "data": [
      {
        "text": "usage",
        "userDefined": false
      }
    ],
    "isTemplate": false,
    "count": 0,
    "lang": "en",
    "updated": 0
  },
  {
    "id": "e6ed0c4b-04d6-4de5-93df-a007792bd1fa",
    "data": [
      {
        "text": "analytics",
        "userDefined": false
      }
    ],
    "isTemplate": false,
    "count": 0,
    "lang": "en",
    "updated": 0
  },
  {
    "id": "70b0baf0-97ab-4345-a93a-f0dbf73d68af",
    "data": [
      {
        "text": "statistics",
        "userDefined": false
      }
    ],
    "isTemplate": false,
    "count": 0,
    "lang": "en",
    "updated": 0
  },
  {
    "id": "f6113e2d-423e-4c62-a8b9-3eeac4bd1ddb",
    "data": [
      {
        "text": "stats",
        "userDefined": false
      }
    ],
    "isTemplate": false,
    "count": 0,
    "lang": "en",
    "updated": 0
  },
  {
    "id": "e7300da0-76db-4bf2-b632-a61ed2bebb4a",
    "data": [
      {
        "text": "Show my stats",
        "userDefined": false
      }
    ],
    "isTemplate": false,
    "count": 0,
    "lang": "en",
    "updated": 0
  }
]